,precision,recall,f1-score,support
0,1.0,0.9230769230769231,0.9600000000000001,26.0
1,0.975609756097561,0.975609756097561,0.975609756097561,41.0
2,0.9642857142857143,0.9642857142857143,0.9642857142857143,28.0
3,0.9722222222222222,1.0,0.9859154929577464,35.0
4,0.9761904761904762,0.9761904761904762,0.9761904761904762,42.0
5,0.9655172413793104,1.0,0.9824561403508771,28.0
accuracy,0.975,0.975,0.975,0.975
macro avg,0.9756375683625474,0.9731938116084456,0.9740762633137292,200.0
weighted avg,0.9753113026819924,0.975,0.9748790709167284,200.0
